{"cameraMode":{"drawMode":0,"name":"Shaded","section":"Shading Mode"},"sceneLighting":false,"audioPlay":false,"sceneViewState":{"m_AlwaysRefresh":false,"showFog":true,"showSkybox":false,"showFlares":true,"showImageEffects":true,"showParticleSystems":true,"showVisualEffectGraphs":true,"m_FxEnabled":true},"in2DMode":false,"pivot":{"x":0.5296458005905151,"y":-0.0051036435179412369,"z":-2.636190891265869},"rotation":{"x":0.03876101225614548,"y":0.7356348633766174,"z":-0.04217908903956413,"w":0.6751717925071716},"size":3.62463116645813,"orthographic":true}